frame_id,season,weather,lighting,human_detected,human_distance,thermal_confirmed,radar_activity,motion_ratio,point_count,moving_points,max_velocity,mean_velocity
013342,Summer,Indoor,Day,True,1.485,True,True,0.9375,32,30,0.8209887146949768,0.47463410533964634
013352,Summer,Indoor,Day,True,0.675,True,True,0.8888888888888888,18,16,0.8209887146949768,0.5815336778759956
013362,Summer,Indoor,Day,False,,False,True,0.8461538461538461,26,22,0.8209887146949768,0.473647341132164
013372,Summer,Indoor,Day,False,,False,True,0.8888888888888888,9,8,0.2052471786737442,0.18244193659888375
013382,Summer,Indoor,Day,True,0.305,True,True,0.23529411764705882,17,4,0.6157415509223938,0.10866027281564825
013392,Summer,Indoor,Day,True,0.39,True,True,0.2727272727272727,11,3,1.0262359380722044,0.2239060185172341
013402,Summer,Indoor,Day,True,1.69,True,True,0.8666666666666667,30,26,0.8209887146949768,0.348920206228892
013412,Summer,Indoor,Day,True,1.48,True,True,0.875,8,7,0.4104943573474884,0.35918256267905235
013422,Summer,Indoor,Day,True,0.385,True,True,0.9333333333333333,15,14,0.6157415509223938,0.42417750755945843
013432,Summer,Indoor,Day,False,,False,True,0.88,25,22,1.0262359380722044,0.5993217766284943
013442,Summer,Indoor,Day,True,1.895,True,True,0.9411764705882353,17,16,1.0262359380722044,0.5915948126245948
013452,Summer,Indoor,Day,True,0.945,True,True,0.8947368421052632,19,17,1.0262359380722044,0.5185191992082094
013462,Summer,Indoor,Day,True,0.325,True,True,0.9047619047619048,21,19,0.6157415509223938,0.4789100927965982
013472,Summer,Indoor,Day,True,0.435,True,True,0.2857142857142857,14,4,0.8209887146949768,0.17592615527766092
013482,Summer,Indoor,Day,True,1.595,True,True,0.08333333333333333,12,1,0.6157415509223938,0.051311795910199486
013492,Summer,Indoor,Day,True,2.67,True,True,0.95,20,19,0.8209887146949768,0.287346051633358
013502,Summer,Indoor,Day,True,2.31,True,True,0.8461538461538461,13,11,0.8209887146949768,0.31576489026729876
013512,Summer,Indoor,Day,True,1.06,True,True,0.8571428571428571,14,12,0.4104943573474884,0.1905866659113339
013522,Summer,Indoor,Day,True,0.23,True,True,0.9047619047619048,21,19,1.0262359380722044,0.28343658220200313
013532,Summer,Indoor,Day,True,1.38,True,True,0.9444444444444444,18,17,0.8209887146949768,0.28506552593575585
013542,Summer,Indoor,Day,True,1.51,True,True,0.9230769230769231,13,12,0.4104943573474884,0.3315531347806637
013552,Summer,Indoor,Day,True,0.79,True,True,0.9090909090909091,11,10,0.6157415509223938,0.33585902371189813
013562,Summer,Indoor,Day,True,1.2,True,True,0.9166666666666666,24,22,1.0262359380722044,0.5131179553767046
013572,Summer,Indoor,Day,True,2.75,True,True,0.875,16,14,1.0262359380722044,0.5516018029302359
013582,Summer,Indoor,Day,True,3.56,True,True,0.9,20,18,1.0262359380722044,0.6670533485710621
013592,Summer,Indoor,Day,True,4.71,True,True,0.8333333333333334,24,20,1.0262359380722044,0.5644297463198503
013602,Summer,Indoor,Day,True,5.83,True,True,0.8947368421052632,19,17,1.0262359380722044,0.604939059207314
013722,Summer,Indoor,Day,True,1.175,True,True,0.8571428571428571,21,18,1.0262359380722044,0.5277784729287738
013732,Summer,Indoor,Day,True,1.175,True,False,0.0,9,0,0.0,0.0
013742,Summer,Indoor,Day,True,1.335,True,False,0.0,10,0,0.0,0.0
013752,Summer,Indoor,Day,True,1.495,True,True,0.09090909090909091,11,1,0.6157415509223938,0.055976504629308525
013762,Summer,Indoor,Day,True,1.645,True,True,0.45,20,9,0.8209887146949768,0.29760841429233553
013772,Summer,Indoor,Day,True,2.835,True,True,0.8235294117647058,17,14,1.0262359380722044,0.3018340906676124
013782,Summer,Indoor,Day,True,3.745,True,True,0.8823529411764706,17,15,1.0262359380722044,0.37427426962291493
013792,Summer,Indoor,Day,False,,False,True,0.9375,16,15,1.0262359380722044,0.5002900008112192
013802,Summer,Indoor,Day,False,,False,True,0.9166666666666666,12,11,0.6157415509223938,0.3933904307583968
013812,Summer,Indoor,Day,True,3.745,True,True,0.8636363636363636,22,19,0.8209887146949768,0.5131179534576156
013822,Summer,Indoor,Day,True,1.235,True,True,0.9333333333333333,30,28,1.0262359380722044,0.6978404194116592
013832,Summer,Indoor,Day,True,0.075,True,True,0.8421052631578947,19,16,0.8209887146949768,0.4104943628373899
013842,Summer,Indoor,Day,True,0.425,True,False,0.0,15,0,0.0,0.0
013852,Summer,Indoor,Day,True,0.775,True,True,0.4375,16,7,1.0262359380722044,0.2822148771956563
013862,Summer,Indoor,Day,True,1.855,True,True,0.2857142857142857,21,6,1.0262359380722044,0.16615248223145804
013872,Summer,Indoor,Day,True,1.785,True,True,0.45,20,9,1.0262359380722044,0.3797072887420654
013882,Summer,Indoor,Day,True,0.355,True,True,0.7777777777777778,18,14,0.8209887146949768,0.21664979971117443
013892,Summer,Indoor,Day,True,1.865,True,False,0.0,12,0,0.0,0.0
013902,Summer,Indoor,Day,True,3.425,True,True,0.21428571428571427,14,3,0.8209887146949768,0.14660512975284032
013912,Summer,Indoor,Day,True,1.585,True,True,0.92,25,23,0.8209887146949768,0.41049435853958127
013922,Summer,Indoor,Day,True,1.125,True,True,0.8333333333333334,18,15,1.0262359380722044,0.38768911941183937
013932,Summer,Indoor,Day,True,0.145,True,True,0.88,25,22,1.0262359380722044,0.44333391487598417
013942,Summer,Indoor,Day,True,1.375,True,True,0.23076923076923078,13,3,0.8209887146949768,0.12630595725316268
013952,Summer,Indoor,Day,True,1.515,True,False,0.0,11,0,0.0,0.0
013962,Summer,Indoor,Day,True,1.59,True,True,0.5217391304347826,23,12,1.0262359380722044,0.28556129660295404
013972,Summer,Indoor,Day,True,2.275,True,True,0.7142857142857143,14,10,0.8209887146949768,0.2199076914361545
013982,Summer,Indoor,Day,True,1.715,True,True,0.08333333333333333,12,1,0.2052471786737442,0.01710393155614535
013992,Summer,Indoor,Day,True,1.27,True,True,0.7857142857142857,14,11,1.0262359380722044,0.35185231055532185
014002,Summer,Indoor,Day,True,2.225,True,True,0.85,20,17,0.6157415509223938,0.4002320058643818
014012,Summer,Indoor,Day,True,3.715,True,True,0.8947368421052632,19,17,1.0262359380722044,0.4537042991111153
014022,Summer,Indoor,Day,True,2.115,True,True,0.8,15,12,1.0262359380722044,0.3831280718247096
014032,Summer,Indoor,Day,False,,False,True,0.8571428571428571,14,12,0.8209887146949768,0.3371917935354369
014042,Summer,Indoor,Day,True,0.43,True,True,0.23076923076923078,13,3,0.6157415509223938,0.12630595839940584
014052,Summer,Indoor,Day,True,0.6,True,True,0.29411764705882354,17,5,0.8209887146949768,0.16902708919609294
014062,Summer,Indoor,Day,True,0.1,True,True,0.6428571428571429,28,18,1.0262359380722044,0.41782462117927416
014072,Summer,Indoor,Day,True,0.445,True,True,0.9473684210526315,19,18,0.6157415509223938,0.2916670449470219
014082,Summer,Indoor,Day,False,,False,True,0.9285714285714286,14,13,0.6157415509223938,0.30787077120372225
014092,Summer,Indoor,Day,False,,False,True,0.8,15,12,0.4104943573474884,0.2873460501432419
014102,Summer,Indoor,Day,False,,False,True,0.9473684210526315,19,18,0.8209887146949768,0.378086908083213
014112,Summer,Indoor,Day,False,,False,False,0.0,10,0,0.0,0.0
014122,Summer,Indoor,Day,True,1.4,True,True,0.25,8,2,0.2052471786737442,0.05131179466843605
014132,Summer,Indoor,Day,True,1.19,True,True,0.9230769230769231,13,12,0.4104943573474884,0.29997664575393385
014142,Summer,Indoor,Day,True,2.86,True,True,0.8461538461538461,13,11,0.6157415509223938,0.23682366884671724
014152,Summer,Indoor,Day,True,2.57,True,True,0.875,16,14,0.8209887146949768,0.34635461401194334
014162,Summer,Indoor,Day,True,1.93,True,True,0.7692307692307693,13,10,0.4104943573474884,0.18945893416037926
014172,Summer,Indoor,Day,True,2.4,True,True,0.8888888888888888,9,8,0.4104943573474884,0.2964681469731861
014182,Summer,Indoor,Day,True,1.365,True,False,0.0,10,0,0.0,0.0
014192,Summer,Indoor,Day,True,1.335,True,False,0.0,10,0,0.0,0.0
014202,Summer,Indoor,Day,True,1.315,True,False,0.0,10,0,0.0,0.0
014212,Summer,Indoor,Day,True,1.285,True,False,0.0,10,0,0.0,0.0
014222,Summer,Indoor,Day,True,1.265,True,False,0.0,9,0,0.0,0.0
014232,Summer,Indoor,Day,True,1.235,True,True,0.1,10,1,1.0262359380722044,0.10262359380722044
014242,Summer,Indoor,Day,True,0.715,True,True,0.8333333333333334,12,10,1.0262359380722044,0.3078707717359066
014252,Summer,Indoor,Day,True,0.635,True,True,0.5,4,2,0.2052471786737442,0.1026235893368721
014262,Summer,Indoor,Day,True,0.565,True,False,0.0,6,0,0.0,0.0
014272,Summer,Indoor,Day,True,0.485,True,True,0.4,10,4,0.8209887146949768,0.2873460531234741
014282,Summer,Indoor,Day,True,0.415,True,True,0.1,10,1,0.4104943573474884,0.04104943573474884
014292,Summer,Indoor,Day,True,0.335,True,True,0.8333333333333334,6,5,0.2052471786737442,0.1710393155614535
014302,Summer,Indoor,Day,True,0.255,True,True,0.8,10,8,0.2052471786737442,0.16419774293899536
014312,Summer,Indoor,Day,True,0.53,True,True,0.9090909090909091,11,10,0.6157415509223938,0.2425648488781669
014322,Summer,Indoor,Day,True,0.21,True,False,0.0,11,0,0.0,0.0
014332,Summer,Indoor,Day,True,0.21,True,False,0.0,14,0,0.0,0.0
014562,Summer,Indoor,Day,True,1.125,True,True,0.14285714285714285,14,2,0.6157415509223938,0.08796307870319911
014572,Summer,Indoor,Day,True,1.365,True,False,0.0,12,0,0.0,0.0
014582,Summer,Indoor,Day,True,1.045,True,True,0.6666666666666666,15,10,0.4104943573474884,0.16419774293899536
014592,Summer,Indoor,Day,True,0.835,True,True,0.9411764705882353,17,16,0.2052471786737442,0.19317381522234747
014602,Summer,Indoor,Day,True,0.515,True,True,0.8421052631578947,19,16,0.4104943573474884,0.21604966176183601
014612,Summer,Indoor,Day,True,0.315,True,True,0.8421052631578947,19,16,0.8209887146949768,0.30246952725084203
014692,Summer,Indoor,Day,True,1.565,True,True,0.875,16,14,0.8209887146949768,0.35918256267905235
014702,Summer,Indoor,Day,True,1.655,True,True,0.9375,16,15,0.2052471786737442,0.1924192300066352
014712,Summer,Indoor,Day,True,0.985,True,True,0.9230769230769231,13,12,0.8209887146949768,0.3789178683207585
014722,Summer,Indoor,Day,True,0.375,True,True,0.9230769230769231,13,12,0.4104943573474884,0.2841884012405689
014732,Summer,Indoor,Day,True,0.155,True,True,0.8571428571428571,14,12,0.4104943573474884,0.2638892297233854
014742,Summer,Indoor,Day,True,0.415,True,True,0.9411764705882353,17,16,1.0262359380722044,0.44671445296091195
014752,Summer,Indoor,Day,True,0.935,True,True,0.95,20,19,1.0262359380722044,0.37970728501677514
014762,Summer,Indoor,Day,True,1.05,True,True,0.9411764705882353,17,16,0.8209887146949768,0.36220090529497934
014772,Summer,Indoor,Day,True,0.43,True,True,0.9090909090909091,11,10,0.4104943573474884,0.26122368194840173
014782,Summer,Indoor,Day,True,0.22,True,True,0.8461538461538461,13,11,0.4104943573474884,0.26840015672720396
014792,Summer,Indoor,Day,True,0.58,True,True,0.1111111111111111,9,1,0.6157415509223938,0.06841572788026598
014802,Summer,Indoor,Day,True,0.15,True,True,0.9230769230769231,13,12,0.6157415509223938,0.2684001578734471
014812,Summer,Indoor,Day,True,0.15,True,True,0.9285714285714286,14,13,0.2052471786737442,0.1905866659113339
014822,Summer,Indoor,Day,True,0.15,True,True,0.8823529411764706,17,15,1.0262359380722044,0.37427426962291493
014832,Summer,Indoor,Day,True,0.15,True,True,0.8888888888888888,18,16,0.8209887146949768,0.28506552676359814
014842,Summer,Indoor,Day,True,2.165,True,True,0.7777777777777778,9,7,0.6157415509223938,0.2052471803294288
014852,Summer,Indoor,Day,True,2.195,True,True,0.9,10,9,0.2052471786737442,0.18472246080636978
014862,Summer,Indoor,Day,True,1.945,True,True,0.8181818181818182,11,9,0.8209887146949768,0.22390601309863004
014872,Summer,Indoor,Day,True,1.225,True,True,0.8461538461538461,13,11,0.4104943573474884,0.18945893416037926
014882,Summer,Indoor,Day,True,0.905,True,True,0.8333333333333334,12,10,0.6157415509223938,0.2736629086236159
014892,Summer,Indoor,Day,True,0.555,True,True,0.9444444444444444,18,17,0.8209887146949768,0.26226028468873763
014902,Summer,Indoor,Day,True,0.275,True,True,0.9411764705882353,17,16,1.0262359380722044,0.2897607254631379
014912,Summer,Indoor,Day,True,0.125,True,True,0.8,10,8,0.6157415509223938,0.20524718016386032
014922,Summer,Indoor,Day,True,0.455,True,True,0.7,10,7,0.6157415509223938,0.1847224622964859
014932,Summer,Indoor,Day,True,1.015,True,True,0.6470588235294118,17,11,0.8209887146949768,0.25354063335586996
014942,Summer,Indoor,Day,True,1.365,True,True,0.8,15,12,1.0262359380722044,0.30102919936180117
014952,Summer,Indoor,Day,True,0.775,True,True,0.8333333333333334,18,15,0.8209887146949768,0.33067601091331905
014962,Summer,Indoor,Day,False,,False,True,0.8695652173913043,23,20,1.0262359380722044,0.40157057085762854
014972,Summer,Indoor,Day,False,,False,True,0.88,25,22,0.8209887146949768,0.5090130072832107
014982,Summer,Indoor,Day,False,,False,True,0.7777777777777778,18,14,1.0262359380722044,0.43329960190587574
014992,Summer,Indoor,Day,False,,False,True,0.8461538461538461,26,22,1.0262359380722044,0.465753222314211
015002,Summer,Indoor,Day,True,0.685,True,True,0.5294117647058824,17,9,0.6157415509223938,0.16902709007263184
015012,Summer,Indoor,Day,False,,False,False,0.0,8,0,0.0,0.0
015022,Summer,Indoor,Day,True,1.465,True,True,0.35,20,7,0.6157415509223938,0.16419774517416955
015032,Summer,Indoor,Day,True,1.33,True,True,0.5,18,9,0.6157415509223938,0.2508576669626766
015042,Summer,Indoor,Day,True,1.91,True,True,0.7777777777777778,27,21,1.0262359380722044,0.4789100924023875
015052,Summer,Indoor,Day,True,2.56,True,True,0.9285714285714286,28,26,0.8209887146949768,0.3885035903326103
015062,Summer,Indoor,Day,True,2.775,True,True,0.875,24,21,0.8209887146949768,0.33352666596571606
015072,Summer,Indoor,Day,True,1.635,True,True,0.88,25,22,1.0262359380722044,0.4597536879777908
015222,Summer,Indoor,Day,True,1.365,True,True,0.8636363636363636,22,19,0.8209887146949768,0.27988251772793854
015232,Summer,Indoor,Day,True,1.725,True,True,0.92,25,23,0.8209887146949768,0.369444922208786
015242,Summer,Indoor,Day,True,1.865,True,True,0.9411764705882353,17,16,0.4104943573474884,0.3139074497363147
015252,Summer,Indoor,Day,True,2.385,True,True,0.8666666666666667,15,13,0.4104943573474884,0.23261346916357675
015262,Summer,Indoor,Day,True,2.485,True,True,0.9230769230769231,13,12,0.4104943573474884,0.2841884012405689
015272,Summer,Indoor,Day,True,1.925,True,True,0.8666666666666667,15,13,0.6157415509223938,0.24629661540190378
015282,Summer,Indoor,Day,True,1.045,True,True,0.9375,16,15,1.0262359380722044,0.4746341072022915
015292,Summer,Indoor,Day,True,4.655,True,True,0.7777777777777778,18,14,0.6157415509223938,0.29646814780102837
015302,Summer,Indoor,Day,True,4.555,True,True,0.8571428571428571,14,12,0.6157415509223938,0.3371917945998056
015312,Summer,Indoor,Day,True,0.28,True,True,0.92,25,23,0.8209887146949768,0.2873460507392883
015322,Summer,Indoor,Day,True,1.29,True,True,0.9090909090909091,11,10,0.8209887146949768,0.31720018657771026
015332,Summer,Indoor,Day,True,1.56,True,True,0.7692307692307693,13,10,1.0262359380722044,0.3315531416581227
015342,Summer,Indoor,Day,True,1.82,True,True,0.85,20,17,0.8209887146949768,0.2976084090769291
015352,Summer,Indoor,Day,True,1.65,True,True,0.8,10,8,0.4104943573474884,0.24629661440849304
015362,Summer,Indoor,Day,True,1.35,True,True,0.8,5,4,0.4104943573474884,0.2052471786737442
015372,Summer,Indoor,Day,True,0.97,True,True,0.7,10,7,0.4104943573474884,0.2052471786737442
015382,Summer,Indoor,Day,True,0.93,True,True,0.6923076923076923,13,9,1.0262359380722044,0.31576489485227144
015392,Summer,Indoor,Day,True,0.76,True,True,0.8333333333333334,12,10,0.6157415509223938,0.3078707692523797
015602,Summer,Indoor,Day,True,4.35,True,True,0.9230769230769231,13,12,1.0262359380722044,0.45785909776504224
015612,Summer,Indoor,Day,True,3.74,True,True,0.8666666666666667,15,13,1.0262359380722044,0.36944492558638253
015622,Summer,Indoor,Day,True,3.02,True,True,0.9285714285714286,14,13,1.0262359380722044,0.42515487862484796
015632,Summer,Indoor,Day,True,2.37,True,True,0.8333333333333334,18,15,1.0262359380722044,0.3648838773369789
015642,Summer,Indoor,Day,True,1.76,True,True,0.8823529411764706,17,15,1.0262359380722044,0.5070812763536677
015652,Summer,Indoor,Day,True,0.98,True,True,0.8571428571428571,14,12,0.4104943573474884,0.3371917935354369
015752,Summer,Indoor,Day,True,1.245,True,True,0.875,24,21,0.6157415509223938,0.4361502608905236
015762,Summer,Indoor,Day,True,1.415,True,True,0.9230769230769231,26,24,0.8209887146949768,0.5210120735260156
015772,Summer,Indoor,Day,True,1.415,True,True,0.8571428571428571,28,24,0.8209887146949768,0.49845743817942484
015782,Summer,Indoor,Day,True,1.665,True,True,0.92,25,23,0.8209887146949768,0.4843833458423614
015792,Summer,Indoor,Day,True,1.665,True,True,0.782608695652174,23,18,0.8209887146949768,0.4997322637101878
015802,Summer,Indoor,Day,True,1.49,True,True,0.9230769230769231,13,12,1.0262359380722044,0.6631062856087317
015812,Summer,Indoor,Day,True,1.81,True,True,0.3,20,6,1.0262359380722044,0.2770837008953094
015822,Summer,Indoor,Day,True,0.48,True,True,0.4090909090909091,22,9,1.0262359380722044,0.3451884443109685
015832,Summer,Indoor,Day,False,,False,True,0.29411764705882354,17,5,0.4104943573474884,0.12073363451396718
015842,Summer,Indoor,Day,True,0.77,True,True,0.2857142857142857,14,4,0.6157415509223938,0.14660512975284032
015852,Summer,Indoor,Day,True,1.22,True,True,0.9130434782608695,23,21,1.0262359380722044,0.5532750163389288
015892,Summer,Indoor,Day,True,2.06,True,True,0.875,24,21,0.8209887146949768,0.5216699174294869
015902,Summer,Indoor,Day,False,,False,True,0.8888888888888888,18,16,1.0262359380722044,0.6157415442996554
015912,Summer,Indoor,Day,False,,False,True,0.8125,16,13,0.8209887146949768,0.38483846466988325
015922,Summer,Indoor,Day,True,0.41,True,True,0.9565217391304348,23,22,1.0262359380722044,0.5086560605660729
015932,Summer,Indoor,Day,False,,False,True,0.8461538461538461,13,11,0.6157415509223938,0.4736473457171367
015942,Summer,Indoor,Day,False,,False,True,0.4166666666666667,12,5,0.6157415509223938,0.17103931680321693
015952,Summer,Indoor,Day,True,1.33,True,True,0.7,20,14,1.0262359380722044,0.4310190834105015
015962,Summer,Indoor,Day,True,1.55,True,True,0.5,14,7,1.0262359380722044,0.43981538925852093
015972,Summer,Indoor,Day,True,2.04,True,True,0.3333333333333333,12,4,0.4104943573474884,0.08551965778072675
015982,Summer,Indoor,Day,True,2.49,True,True,0.2,10,2,0.8209887146949768,0.14367302656173705
015992,Summer,Indoor,Day,True,0.85,True,True,0.3333333333333333,12,4,0.8209887146949768,0.22235111147165298
016002,Summer,Indoor,Day,True,2.06,True,False,0.0,7,0,0.0,0.0
016012,Summer,Indoor,Day,True,1.03,True,False,0.0,9,0,0.0,0.0
016022,Summer,Indoor,Day,True,1.03,True,False,0.0,8,0,0.0,0.0
016032,Summer,Indoor,Day,True,0.83,True,False,0.0,8,0,0.0,0.0
016042,Summer,Indoor,Day,True,1.46,True,True,0.2857142857142857,7,2,0.6157415509223938,0.17592615740639822
016052,Summer,Indoor,Day,True,0.485,True,True,0.36363636363636365,11,4,1.0262359380722044,0.29854136163538153
016062,Summer,Indoor,Day,True,1.485,True,True,0.5384615384615384,13,7,0.8209887146949768,0.4262826030070965
016072,Summer,Indoor,Day,True,1.5,True,False,0.0,5,0,0.0,0.0
016082,Summer,Indoor,Day,True,1.46,True,False,0.0,4,0,0.0,0.0
016092,Summer,Indoor,Day,True,1.41,True,False,0.0,9,0,0.0,0.0
016102,Summer,Indoor,Day,True,0.93,True,False,0.0,8,0,0.0,0.0
016112,Summer,Indoor,Day,True,0.82,True,False,0.0,14,0,0.0,0.0
016122,Summer,Indoor,Day,True,0.3,True,True,0.8333333333333334,12,10,1.0262359380722044,0.35918257012963295
016132,Summer,Indoor,Day,True,1.75,True,True,0.9090909090909091,11,10,0.8209887146949768,0.24256484752351587
016142,Summer,Indoor,Day,True,1.21,True,True,0.9166666666666666,12,11,0.4104943573474884,0.2052471786737442
016152,Summer,Indoor,Day,True,0.64,True,True,0.8333333333333334,18,15,0.6157415509223938,0.21664980053901672
016162,Summer,Indoor,Day,True,0.19,True,True,0.8666666666666667,15,13,0.8209887146949768,0.2599797596534093
016172,Summer,Indoor,Day,True,0.46,True,True,0.8571428571428571,14,12,1.0262359380722044,0.3811733424663543
016182,Summer,Indoor,Day,True,1.305,True,True,0.9583333333333334,24,23,0.8209887146949768,0.41904632560908794
016192,Summer,Indoor,Day,True,1.485,True,True,0.9411764705882353,17,16,1.0262359380722044,0.5070812746005899
016382,Summer,Indoor,Day,True,1.125,True,True,0.9,20,18,0.6157415509223938,0.3797072820365429
016392,Summer,Indoor,Day,True,0.625,True,True,0.8666666666666667,15,13,1.0262359380722044,0.34207863410313927
016402,Summer,Indoor,Day,True,1.085,True,True,0.9166666666666666,12,11,0.4104943573474884,0.25655897334218025
016412,Summer,Indoor,Day,False,,False,True,0.9166666666666666,12,11,0.4104943573474884,0.3078707680106163
016422,Summer,Indoor,Day,False,,False,False,0.0,11,0,0.0,0.0
016432,Summer,Indoor,Day,False,,False,False,0.0,11,0,0.0,0.0
048995,Winter,Overcast,Dawn,True,1.833,True,True,0.8125,16,13,1.0262359380722044,0.2822148744016886
049005,Winter,Overcast,Dawn,True,5.885,True,True,0.6428571428571429,14,9,0.2052471786737442,0.1319446148616927
049015,Winter,Overcast,Dawn,True,5.269,True,True,0.8181818181818182,11,9,0.8209887146949768,0.27988251637328754
049025,Winter,Overcast,Dawn,True,2.953,True,True,0.8,10,8,1.0262359380722044,0.2462966188788414
049035,Winter,Overcast,Dawn,True,0.341,True,True,0.8888888888888888,18,16,1.0262359380722044,0.3990917437606388
049045,Winter,Overcast,Dawn,False,,False,True,0.8461538461538461,13,11,1.0262359380722044,0.2999766491926633
049055,Winter,Overcast,Dawn,False,,False,True,0.9090909090909091,11,10,1.0262359380722044,0.29854135486212646
049065,Winter,Overcast,Dawn,False,,False,True,0.8823529411764706,17,15,0.6157415509223938,0.4104943626067218
049075,Winter,Overcast,Dawn,False,,False,True,0.8125,16,13,1.0262359380722044,0.42332231253385544
049085,Winter,Indoor,Dawn,True,0.105,True,True,0.9444444444444444,18,17,1.0262359380722044,0.4675074683295356
049095,Winter,Indoor,Dawn,True,0.774,True,True,0.9545454545454546,22,21,1.0262359380722044,0.5411062071269209
049105,Winter,Indoor,Dawn,True,0.502,True,True,0.8888888888888888,9,8,0.6157415509223938,0.27366290655401015
049115,Winter,Indoor,Dawn,False,,False,True,0.9230769230769231,13,12,1.0262359380722044,0.3315531393656364
049125,Winter,Indoor,Dawn,False,,False,False,0.0,6,0,0.0,0.0
049135,Winter,Indoor,Dawn,False,,False,True,0.9,10,9,0.6157415509223938,0.22577189803123474
049145,Winter,Indoor,Dawn,False,,False,True,0.9230769230769231,13,12,0.8209887146949768,0.3789178683207585
049155,Winter,Indoor,Dawn,False,,False,True,0.875,8,7,0.6157415509223938,0.2565589752048254
049165,Winter,Indoor,Dawn,False,,False,True,0.9230769230769231,13,12,0.8209887146949768,0.3315531347806637
049175,Winter,Indoor,Dawn,False,,False,True,0.07142857142857142,14,1,0.2052471786737442,0.0146605127624103
049185,Winter,Indoor,Dawn,False,,False,False,0.0,12,0,0.0,0.0
049195,Winter,Indoor,Dawn,True,2.64,True,True,0.8823529411764706,17,15,0.6157415509223938,0.2776873620117412
049205,Winter,Indoor,Dawn,True,2.061,True,True,0.8333333333333334,6,5,0.2052471786737442,0.1710393155614535
049215,Winter,Indoor,Dawn,False,,False,True,0.9375,16,15,0.4104943573474884,0.21807512734085321
049225,Winter,Indoor,Dawn,False,,False,True,0.875,8,7,0.2052471786737442,0.17959128133952618
049235,Winter,Indoor,Dawn,False,,False,False,0.0,5,0,0.0,0.0
049245,Winter,Indoor,Dawn,True,1.215,True,True,0.8181818181818182,11,9,0.2052471786737442,0.16792950982397253
049255,Winter,Indoor,Dawn,False,,False,False,0.0,7,0,0.0,0.0
049265,Winter,Indoor,Dawn,True,1.187,True,True,0.09090909090909091,11,1,0.6157415509223938,0.055976504629308525
049275,Winter,Indoor,Dawn,True,0.981,True,False,0.0,9,0,0.0,0.0
049285,Winter,Indoor,Dawn,True,0.936,True,True,0.125,8,1,0.8209887146949768,0.1026235893368721
049295,Winter,Indoor,Dawn,True,0.891,True,True,0.08333333333333333,12,1,0.6157415509223938,0.051311795910199486
049305,Winter,Indoor,Dawn,True,0.884,True,True,0.45454545454545453,11,5,0.6157415509223938,0.27988252314654266
049315,Winter,Indoor,Dawn,True,0.278,True,False,0.0,9,0,0.0,0.0
049325,Winter,Indoor,Dawn,True,0.397,True,False,0.0,11,0,0.0,0.0
049335,Winter,Indoor,Dawn,True,0.394,True,True,0.1111111111111111,9,1,0.2052471786737442,0.02280524207486047
049345,Winter,Indoor,Dawn,True,0.464,True,False,0.0,11,0,0.0,0.0
049355,Winter,Indoor,Dawn,True,0.464,True,False,0.0,11,0,0.0,0.0
049365,Winter,Indoor,Dawn,True,0.735,True,True,0.2857142857142857,14,4,1.0262359380722044,0.24922872654029296
049375,Winter,Indoor,Dawn,True,0.92,True,True,0.08333333333333333,12,1,0.2052471786737442,0.01710393155614535
049385,Winter,Indoor,Dawn,True,0.73,True,True,0.9166666666666666,12,11,0.4104943573474884,0.2052471786737442
049395,Winter,Indoor,Dawn,True,0.483,True,True,0.8666666666666667,15,13,0.8209887146949768,0.41049435834089915
049405,Winter,Indoor,Dawn,True,0.453,True,True,0.6666666666666666,6,4,1.0262359380722044,0.27366291234890616
049415,Winter,Indoor,Dawn,False,,False,True,0.7272727272727273,11,8,0.2052471786737442,0.1492706753990867
049425,Winter,Indoor,Dawn,False,,False,False,0.0,8,0,0.0,0.0
049435,Winter,Indoor,Dawn,False,,False,False,0.0,11,0,0.0,0.0
049445,Winter,Indoor,Dawn,True,0.289,True,True,0.2727272727272727,11,3,0.2052471786737442,0.05597650327465751
049455,Winter,Indoor,Dawn,True,1.815,True,True,0.2,5,1,0.2052471786737442,0.04104943573474884
049465,Winter,Indoor,Dawn,True,0.474,True,True,0.8823529411764706,17,15,1.0262359380722044,0.33805418189834147
049475,Winter,Indoor,Dawn,True,1.297,True,True,0.9444444444444444,18,17,1.0262359380722044,0.38768912272320855
049485,Winter,Indoor,Dawn,True,1.81,True,True,0.45454545454545453,11,5,0.2052471786737442,0.09329417212442918
049495,Winter,Indoor,Dawn,True,1.75,True,True,0.7777777777777778,9,7,0.2052471786737442,0.15963669452402326
049505,Winter,Indoor,Dawn,True,1.596,True,False,0.0,6,0,0.0,0.0
049515,Winter,Indoor,Dawn,True,1.69,True,True,0.7692307692307693,13,10,0.2052471786737442,0.15788244513364938
049525,Winter,Indoor,Dawn,True,0.334,True,True,0.5,24,12,1.0262359380722044,0.2993188084413608
049535,Winter,Indoor,Dawn,True,0.54,True,True,0.8333333333333334,12,10,0.2052471786737442,0.1710393155614535
049545,Winter,Indoor,Dawn,True,0.335,True,True,0.125,8,1,0.2052471786737442,0.025655897334218025
049555,Winter,Indoor,Dawn,True,1.816,True,True,0.1,10,1,0.4104943573474884,0.04104943573474884
049565,Winter,Indoor,Dawn,True,1.973,True,True,0.25,12,3,0.6157415509223938,0.15393538773059845
049575,Winter,Indoor,Dawn,True,1.859,True,True,0.18181818181818182,11,2,0.6157415509223938,0.11195300925861705
049585,Winter,Indoor,Dawn,True,0.702,True,True,0.3333333333333333,18,6,0.8209887146949768,0.15963669535186556
049595,Winter,Indoor,Dawn,True,1.977,True,True,0.35294117647058826,17,6,0.6157415509223938,0.18110045440056743
049605,Winter,Indoor,Dawn,True,2.342,True,True,0.2222222222222222,9,2,0.4104943573474884,0.09122096829944187
049615,Winter,Indoor,Dawn,True,2.012,True,True,0.2222222222222222,9,2,0.8209887146949768,0.1368314524491628
049625,Winter,Indoor,Dawn,True,1.825,True,True,0.14285714285714285,7,1,0.2052471786737442,0.0293210255248206
049635,Winter,Indoor,Dawn,True,1.715,True,True,0.125,8,1,0.4104943573474884,0.05131179466843605
049645,Winter,Indoor,Dawn,True,1.508,True,True,0.7,10,7,1.0262359380722044,0.3899696484208107
049655,Winter,Indoor,Dawn,True,1.388,True,True,0.6363636363636364,11,7,0.6157415509223938,0.16792951117862354
049665,Winter,Indoor,Dawn,True,1.171,True,True,0.4444444444444444,9,4,0.2052471786737442,0.09122096829944187
049675,Winter,Indoor,Dawn,True,1.406,True,True,0.75,16,12,0.8209887146949768,0.21807512734085321
049685,Winter,Indoor,Dawn,True,1.355,True,True,0.6363636363636364,11,7,0.2052471786737442,0.13061184097420087
049695,Winter,Indoor,Dawn,True,1.119,True,True,0.75,12,9,0.4104943573474884,0.18814324711759886
049705,Winter,Indoor,Dawn,True,0.925,True,True,0.75,8,6,0.2052471786737442,0.15393538400530815
049715,Winter,Indoor,Dawn,True,0.616,True,True,0.75,8,6,0.2052471786737442,0.15393538400530815
049725,Winter,Indoor,Dawn,True,0.267,True,True,0.2,10,2,0.6157415509223938,0.10262359082698821
049735,Winter,Indoor,Dawn,True,0.355,True,True,0.7333333333333333,15,11,0.6157415509223938,0.21893032590548198
049745,Winter,Indoor,Dawn,True,0.33,True,True,0.7857142857142857,14,11,0.4104943573474884,0.1905866659113339
049755,Winter,Indoor,Dawn,True,1.004,True,True,0.7222222222222222,18,13,1.0262359380722044,0.30787077297767
049765,Winter,Indoor,Dawn,True,0.752,True,True,0.9166666666666666,12,11,0.8209887146949768,0.27366290614008904
049775,Winter,Indoor,Dawn,True,0.616,True,True,0.125,8,1,1.0262359380722044,0.12827949225902555
049785,Winter,Indoor,Dawn,True,0.577,True,True,0.8333333333333334,12,10,0.2052471786737442,0.1710393155614535
049795,Winter,Indoor,Dawn,True,0.621,True,True,0.7777777777777778,9,7,0.8209887146949768,0.22805242074860466
049805,Winter,Indoor,Dawn,True,0.816,True,True,0.35294117647058826,17,6,0.8209887146949768,0.16902708919609294
049815,Winter,Indoor,Dawn,True,1.036,True,False,0.0,11,0,0.0,0.0
049825,Winter,Indoor,Dawn,True,1.045,True,False,0.0,8,0,0.0,0.0
049835,Winter,Indoor,Dawn,True,0.973,True,True,0.5,12,6,0.4104943573474884,0.11972752089301746
049845,Winter,Indoor,Dawn,True,1.045,True,True,0.5454545454545454,11,6,0.2052471786737442,0.11195300654931502
049855,Winter,Indoor,Dawn,True,1.252,True,True,0.7272727272727273,11,8,0.2052471786737442,0.1492706753990867
049865,Winter,Indoor,Dawn,True,1.482,True,True,0.625,16,10,1.0262359380722044,0.2052471823990345
049875,Winter,Indoor,Dawn,True,1.812,True,True,0.7647058823529411,17,13,0.8209887146949768,0.3984209956491695
049885,Winter,Indoor,Dawn,True,2.1,True,True,0.14285714285714285,7,1,0.4104943573474884,0.0586420510496412
049895,Winter,Indoor,Dawn,True,1.911,True,True,0.25,8,2,0.6157415509223938,0.15393538773059845
049905,Winter,Indoor,Dawn,True,0.626,True,True,0.6153846153846154,26,16,1.0262359380722044,0.4973297170721567
049915,Winter,Indoor,Dawn,True,2.095,True,False,0.0,10,0,0.0,0.0
049925,Winter,Indoor,Dawn,True,1.908,True,True,0.9166666666666666,12,11,0.2052471786737442,0.18814324711759886
049935,Winter,Indoor,Dawn,True,1.388,True,False,0.0,11,0,0.0,0.0
049945,Winter,Indoor,Dawn,False,,False,True,0.38461538461538464,13,5,0.6157415509223938,0.12630595725316268
049955,Winter,Indoor,Dawn,False,,False,True,0.9333333333333333,15,14,0.6157415509223938,0.25997976064682005
049965,Winter,Indoor,Dawn,True,1.614,True,True,0.7272727272727273,11,8,0.4104943573474884,0.16792950982397253
049975,Winter,Indoor,Dawn,True,1.65,True,True,0.8333333333333334,12,10,0.8209887146949768,0.25655897458394367
049985,Winter,Indoor,Dawn,True,1.024,True,True,0.8823529411764706,17,15,1.0262359380722044,0.3863476374570061
049995,Winter,Indoor,Dawn,True,1.114,True,True,0.8823529411764706,17,15,1.0262359380722044,0.24146727165755102
050005,Winter,Indoor,Dawn,True,1.72,True,True,0.8823529411764706,17,15,0.6157415509223938,0.3018340897910735
050015,Winter,Indoor,Dawn,True,1.732,True,True,0.6,10,6,0.2052471786737442,0.12314830720424652
050025,Winter,Indoor,Dawn,True,1.372,True,True,0.6666666666666666,9,6,0.2052471786737442,0.1368314524491628
050035,Winter,Indoor,Dawn,True,1.301,True,True,0.2222222222222222,9,2,0.8209887146949768,0.11402621037430233
050045,Winter,Indoor,Dawn,True,1.032,True,True,0.5714285714285714,7,4,0.2052471786737442,0.1172841020992824
050055,Winter,Indoor,Dawn,True,0.788,True,True,0.8,10,8,0.2052471786737442,0.16419774293899536
050065,Winter,Indoor,Dawn,True,0.631,True,False,0.0,9,0,0.0,0.0
050075,Winter,Indoor,Dawn,True,0.991,True,True,0.9230769230769231,13,12,0.2052471786737442,0.18945893416037926
050085,Winter,Indoor,Dawn,True,1.252,True,True,0.8571428571428571,7,6,0.6157415509223938,0.2638892318521227
050095,Winter,Indoor,Dawn,True,2.231,True,True,0.625,16,10,0.6157415509223938,0.3078707726672292
050105,Winter,Indoor,Dawn,True,2.116,True,True,0.8181818181818182,11,9,0.6157415509223938,0.22390601445328107
050115,Winter,Indoor,Dawn,True,1.676,True,True,0.9333333333333333,15,14,0.8209887146949768,0.3147123416264852
050125,Winter,Indoor,Dawn,True,0.279,True,True,0.9230769230769231,13,12,0.4104943573474884,0.23682366770047408
050135,Winter,Indoor,Dawn,True,0.479,True,True,0.9,10,9,1.0262359380722044,0.3283954903483391
050145,Winter,Indoor,Dawn,True,0.187,True,True,0.9090909090909091,11,10,0.2052471786737442,0.18658834424885837
050155,Winter,Indoor,Dawn,False,,False,True,0.9,10,9,0.4104943573474884,0.2052471786737442
050165,Winter,Indoor,Dawn,False,,False,True,0.8888888888888888,9,8,0.6157415509223938,0.2508576644791497
050175,Winter,Indoor,Dawn,False,,False,True,0.8888888888888888,9,8,0.4104943573474884,0.2508576628234651
050185,Winter,Indoor,Dawn,False,,False,True,0.75,8,6,0.2052471786737442,0.15393538400530815
050195,Winter,Indoor,Dawn,False,,False,True,0.16666666666666666,6,1,0.2052471786737442,0.0342078631122907
050205,Winter,Indoor,Dawn,True,1.701,True,True,0.5714285714285714,14,8,1.0262359380722044,0.4398153935159956
050215,Winter,Indoor,Dawn,True,2.802,True,True,0.125,8,1,0.2052471786737442,0.025655897334218025
050225,Winter,Indoor,Dawn,True,3.002,True,True,0.1,10,1,0.2052471786737442,0.02052471786737442
050235,Winter,Indoor,Dawn,True,2.927,True,False,0.0,15,0,0.0,0.0
050245,Winter,Indoor,Dawn,True,2.716,True,True,0.875,8,7,0.2052471786737442,0.17959128133952618
050255,Winter,Indoor,Dawn,True,1.458,True,True,0.375,8,3,0.8209887146949768,0.2052471786737442
050265,Winter,Indoor,Dawn,True,1.122,True,True,0.7142857142857143,7,5,0.2052471786737442,0.146605127624103
050275,Winter,Indoor,Dawn,True,0.833,True,True,0.2,10,2,0.6157415509223938,0.12314831018447876
050285,Winter,Indoor,Dawn,True,0.969,True,True,0.6666666666666666,6,4,0.2052471786737442,0.1368314524491628
050295,Winter,Indoor,Dawn,True,1.325,True,True,0.8888888888888888,9,8,0.8209887146949768,0.2508576628234651
050305,Winter,Indoor,Dawn,True,0.574,True,True,0.9166666666666666,12,11,0.6157415509223938,0.27366290738185245
050315,Winter,Indoor,Dawn,True,0.473,True,False,0.0,10,0,0.0,0.0
050325,Winter,Indoor,Dawn,True,0.075,True,True,0.38461538461538464,13,5,1.0262359380722044,0.2684001647509061
050335,Winter,Indoor,Dawn,False,,False,False,0.0,11,0,0.0,0.0
050345,Winter,Indoor,Dawn,False,,False,True,0.6,10,6,0.2052471786737442,0.12314830720424652
050355,Winter,Indoor,Dawn,False,,False,False,0.0,13,0,0.0,0.0
050365,Winter,Indoor,Dawn,False,,False,True,0.7777777777777778,9,7,0.2052471786737442,0.15963669452402326
050375,Winter,Indoor,Dawn,False,,False,True,0.9230769230769231,13,12,0.2052471786737442,0.18945893416037926
050385,Winter,Indoor,Dawn,True,1.475,True,True,0.8666666666666667,15,13,0.6157415509223938,0.23261347115039827
050395,Winter,Indoor,Dawn,True,1.902,True,True,0.3076923076923077,13,4,0.2052471786737442,0.06315297805345975
050405,Winter,Indoor,Dawn,True,1.951,True,False,0.0,13,0,0.0,0.0
050415,Winter,Indoor,Dawn,True,1.733,True,True,0.6111111111111112,18,11,0.2052471786737442,0.12542883141173256
050425,Winter,Indoor,Dawn,True,1.41,True,True,0.9090909090909091,11,10,0.2052471786737442,0.18658834424885837
050435,Winter,Indoor,Dawn,True,1.051,True,True,0.8888888888888888,9,8,0.2052471786737442,0.18244193659888375
050445,Winter,Indoor,Dawn,True,0.867,True,False,0.0,9,0,0.0,0.0
050455,Winter,Indoor,Dawn,True,1.073,True,True,0.9166666666666666,12,11,0.8209887146949768,0.3078707680106163
050465,Winter,Indoor,Dawn,True,1.233,True,True,0.9375,16,15,0.6157415509223938,0.282214873470366
050475,Winter,Indoor,Dawn,True,0.741,True,True,0.21428571428571427,14,3,0.6157415509223938,0.07330256487642016
050485,Winter,Indoor,Dawn,True,0.653,True,False,0.0,9,0,0.0,0.0
050495,Winter,Indoor,Dawn,True,0.635,True,True,0.46153846153846156,13,6,0.6157415509223938,0.18945893759910876
050505,Winter,Indoor,Dawn,True,0.666,True,False,0.0,11,0,0.0,0.0
050515,Winter,Indoor,Dawn,True,0.859,True,True,0.8,10,8,0.2052471786737442,0.16419774293899536
050525,Winter,Indoor,Dawn,True,1.092,True,True,0.9333333333333333,15,14,0.2052471786737442,0.1915640334288279
050535,Winter,Indoor,Dawn,True,1.132,True,False,0.0,11,0,0.0,0.0
050545,Winter,Indoor,Dawn,True,0.873,True,True,0.5,16,8,1.0262359380722044,0.15393538679927588
050555,Winter,Indoor,Dawn,True,0.472,True,True,0.5333333333333333,15,8,0.8209887146949768,0.17788088818391165
050565,Winter,Indoor,Dawn,True,0.948,True,True,0.5555555555555556,9,5,0.6157415509223938,0.15963669617970785
050575,Winter,Indoor,Dawn,True,0.668,True,True,0.8461538461538461,13,11,0.4104943573474884,0.2052471786737442
050585,Winter,Indoor,Dawn,True,0.136,True,False,0.0,9,0,0.0,0.0
050595,Winter,Indoor,Dawn,True,0.492,True,True,0.9,10,9,0.2052471786737442,0.18472246080636978
050605,Winter,Indoor,Dawn,True,0.804,True,False,0.0,9,0,0.0,0.0
050615,Winter,Indoor,Dawn,True,0.765,True,True,0.8,10,8,0.2052471786737442,0.16419774293899536
050625,Winter,Indoor,Dawn,True,1.094,True,False,0.0,10,0,0.0,0.0
050635,Winter,Indoor,Dawn,True,0.997,True,True,0.1,10,1,0.6157415509223938,0.06157415509223938
050645,Winter,Indoor,Dawn,True,0.896,True,True,0.1,10,1,0.6157415509223938,0.06157415509223938
050655,Winter,Indoor,Dawn,True,0.045,True,True,0.18181818181818182,11,2,0.2052471786737442,0.037317668849771675
050665,Winter,Indoor,Dawn,True,0.433,True,True,0.7777777777777778,9,7,0.2052471786737442,0.15963669452402326
050675,Winter,Indoor,Dawn,True,0.776,True,True,0.8888888888888888,18,16,1.0262359380722044,0.3534812596109178
050685,Winter,Indoor,Dawn,True,0.701,True,True,0.9090909090909091,11,10,1.0262359380722044,0.26122368601235474
050695,Winter,Indoor,Dawn,True,0.276,True,True,0.9230769230769231,13,12,1.0262359380722044,0.28418840582554156
050705,Winter,Indoor,Dawn,False,,False,True,0.8181818181818182,11,9,0.2052471786737442,0.16792950982397253
050715,Winter,Indoor,Dawn,False,,False,True,0.8888888888888888,9,8,0.2052471786737442,0.18244193659888375
050725,Winter,Indoor,Dawn,False,,False,True,0.875,8,7,0.2052471786737442,0.17959128133952618
050735,Winter,Indoor,Dawn,True,3.337,True,True,0.8,10,8,1.0262359380722044,0.2462966188788414
050745,Winter,Indoor,Dawn,True,2.06,True,True,0.9,10,9,0.6157415509223938,0.24629661589860916
050755,Winter,Indoor,Dawn,True,1.935,True,True,0.8888888888888888,9,8,1.0262359380722044,0.31927339567078483
050765,Winter,Indoor,Dawn,True,2.659,True,True,0.6,10,6,0.4104943573474884,0.16419774293899536
050775,Winter,Indoor,Dawn,True,3.718,True,True,0.8,5,4,0.4104943573474884,0.2052471786737442
050785,Winter,Indoor,Dawn,True,4.945,True,True,0.8,5,4,0.2052471786737442,0.16419774293899536
050795,Winter,Indoor,Dawn,True,5.722,True,True,0.2,5,1,0.2052471786737442,0.04104943573474884
050805,Winter,Indoor,Dawn,True,4.979,True,True,0.5,2,1,0.2052471786737442,0.1026235893368721
050815,Winter,Indoor,Dawn,True,3.829,True,True,0.7142857142857143,7,5,0.2052471786737442,0.146605127624103
050825,Winter,Indoor,Dawn,True,3.495,True,True,0.8571428571428571,7,6,0.2052471786737442,0.1759261531489236
050835,Winter,Indoor,Dawn,True,3.7,True,True,0.8888888888888888,9,8,0.4104943573474884,0.2052471786737442
050845,Winter,Indoor,Dawn,True,4.045,True,True,0.8888888888888888,9,8,0.2052471786737442,0.18244193659888375
050855,Winter,Indoor,Dawn,True,3.376,True,True,0.7777777777777778,9,7,0.2052471786737442,0.15963669452402326
050865,Winter,Indoor,Dawn,True,3.215,True,True,0.6666666666666666,12,8,0.2052471786737442,0.1368314524491628
050875,Winter,Indoor,Dawn,True,3.414,True,True,0.8461538461538461,13,11,0.2052471786737442,0.17367068964701432
050885,Winter,Indoor,Dawn,True,3.827,True,True,0.7777777777777778,9,7,0.2052471786737442,0.15963669452402326
050895,Winter,Indoor,Dawn,False,,False,True,0.25,12,3,0.8209887146949768,0.1710393155614535
050905,Winter,Indoor,Dawn,True,2.189,True,True,0.7272727272727273,11,8,0.8209887146949768,0.37317668985236774
050915,Winter,Indoor,Dawn,True,3.029,True,True,0.9230769230769231,13,12,0.4104943573474884,0.22103542318710914
050925,Winter,Indoor,Dawn,True,3.41,True,True,0.8666666666666667,15,13,0.4104943573474884,0.2052471786737442
050935,Winter,Indoor,Dawn,True,3.311,True,False,0.0,8,0,0.0,0.0
050945,Winter,Indoor,Dawn,True,2.915,True,True,0.1111111111111111,9,1,0.2052471786737442,0.02280524207486047
050955,Winter,Indoor,Dawn,False,,False,True,0.38461538461538464,13,5,0.2052471786737442,0.07894122256682469
050965,Winter,Indoor,Dawn,False,,False,False,0.0,10,0,0.0,0.0
050975,Winter,Indoor,Dawn,True,2.279,True,True,0.25,12,3,0.6157415509223938,0.10262359057863553
050985,Winter,Indoor,Dawn,True,4.061,True,False,0.0,11,0,0.0,0.0
050995,Winter,Indoor,Dawn,False,,False,True,0.8571428571428571,7,6,0.2052471786737442,0.1759261531489236
051005,Winter,Indoor,Dawn,False,,False,True,0.8,10,8,0.2052471786737442,0.16419774293899536
051015,Winter,Indoor,Dawn,True,4.729,True,True,0.4444444444444444,9,4,0.2052471786737442,0.09122096829944187
051025,Winter,Indoor,Dawn,False,,False,True,0.8888888888888888,9,8,0.2052471786737442,0.18244193659888375
051035,Winter,Indoor,Dawn,True,3.05,True,True,0.8888888888888888,9,8,0.2052471786737442,0.18244193659888375
051045,Winter,Indoor,Dawn,False,,False,True,0.8,10,8,0.2052471786737442,0.16419774293899536
051055,Winter,Indoor,Dawn,True,1.959,True,True,0.8,10,8,0.2052471786737442,0.16419774293899536
051065,Winter,Indoor,Dawn,False,,False,True,0.9230769230769231,13,12,0.4104943573474884,0.252611912213839
051075,Winter,Indoor,Dawn,True,1.732,True,True,0.8571428571428571,7,6,0.6157415509223938,0.2345682063273021
051085,Winter,Indoor,Dawn,True,1.77,True,True,0.9,10,9,0.2052471786737442,0.18472246080636978
051095,Winter,Indoor,Dawn,True,1.727,True,True,0.5,4,2,0.2052471786737442,0.1026235893368721
051105,Winter,Indoor,Dawn,True,1.667,True,False,0.0,7,0,0.0,0.0
051115,Winter,Indoor,Dawn,True,1.447,True,True,0.75,8,6,0.2052471786737442,0.15393538400530815
051125,Winter,Indoor,Dawn,True,1.206,True,True,0.5555555555555556,9,5,0.2052471786737442,0.11402621037430233
051135,Winter,Indoor,Dawn,True,0.876,True,True,0.8333333333333334,6,5,0.2052471786737442,0.1710393155614535
051145,Winter,Indoor,Dawn,True,1.096,True,True,0.8181818181818182,11,9,0.4104943573474884,0.22390601309863004
051155,Winter,Indoor,Dawn,True,1.638,True,True,0.7777777777777778,9,7,0.2052471786737442,0.15963669452402326
051165,Winter,Indoor,Dawn,True,1.863,True,True,0.125,8,1,0.2052471786737442,0.025655897334218025
051175,Winter,Indoor,Dawn,True,1.453,True,True,0.4666666666666667,15,7,1.0262359380722044,0.31471234758694966
051185,Winter,Indoor,Dawn,True,1.633,True,True,0.9333333333333333,15,14,0.8209887146949768,0.32839548687140147
051195,Winter,Indoor,Dawn,True,1.353,True,True,0.8571428571428571,7,6,0.4104943573474884,0.2638892297233854
051205,Winter,Indoor,Dawn,True,0.47,True,True,0.3333333333333333,9,3,1.0262359380722044,0.228052427371343
051215,Winter,Indoor,Dawn,False,,False,True,0.14285714285714285,7,1,0.6157415509223938,0.08796307870319911
051225,Winter,Indoor,Dawn,False,,False,True,0.875,8,7,0.2052471786737442,0.17959128133952618
051235,Winter,Indoor,Dawn,True,1.282,True,True,0.9166666666666666,12,11,0.4104943573474884,0.29076683645447093
051245,Winter,Indoor,Dawn,False,,False,True,0.9375,16,15,1.0262359380722044,0.5002900036051869
051255,Winter,Indoor,Dawn,False,,False,True,0.8333333333333334,12,10,0.2052471786737442,0.1710393155614535
051265,Winter,Indoor,Dawn,False,,False,True,0.9090909090909091,11,10,0.8209887146949768,0.37317668849771674
051275,Winter,Indoor,Dawn,True,0.599,True,True,0.8421052631578947,19,16,0.8209887146949768,0.35648194347557266
051285,Winter,Indoor,Dawn,True,1.486,True,True,0.25,12,3,0.6157415509223938,0.13683145493268967
051295,Winter,Indoor,Dawn,True,2.941,True,True,0.9230769230769231,13,12,0.6157415509223938,0.2210354243333523
051305,Winter,Indoor,Dawn,True,2.911,True,True,0.9090909090909091,11,10,0.4104943573474884,0.22390601309863004
051315,Winter,Indoor,Dawn,True,3.156,True,True,0.8333333333333334,6,5,0.2052471786737442,0.1710393155614535
051325,Winter,Indoor,Dawn,True,3.106,True,True,0.3333333333333333,6,2,0.2052471786737442,0.0684157262245814
051335,Winter,Indoor,Dawn,True,2.624,True,True,0.8571428571428571,7,6,1.0262359380722044,0.3811733403376171
051345,Winter,Indoor,Dawn,True,1.355,True,True,0.9,10,9,0.8209887146949768,0.3694449231028557
051355,Winter,Indoor,Dawn,True,0.03,True,True,0.36363636363636365,11,4,1.0262359380722044,0.2239060171625831
051365,Winter,Indoor,Dawn,False,,False,False,0.0,5,0,0.0,0.0
051375,Winter,Indoor,Dawn,False,,False,False,0.0,6,0,0.0,0.0
051385,Winter,Indoor,Dawn,False,,False,False,0.0,4,0,0.0,0.0
051395,Winter,Indoor,Dawn,False,,False,True,0.875,8,7,0.4104943573474884,0.2052471786737442
051405,Winter,Indoor,Dawn,False,,False,True,0.8,5,4,0.2052471786737442,0.16419774293899536
051415,Winter,Indoor,Dawn,False,,False,True,0.8,5,4,0.2052471786737442,0.16419774293899536
051425,Winter,Indoor,Dawn,True,2.734,True,True,0.5714285714285714,7,4,0.2052471786737442,0.1172841020992824
051435,Winter,Indoor,Dawn,True,2.735,True,True,0.2222222222222222,9,2,0.2052471786737442,0.04561048414972094
051445,Winter,Indoor,Dawn,True,2.944,True,True,0.36363636363636365,11,4,0.2052471786737442,0.07463533769954335
051455,Winter,Indoor,Dawn,True,2.993,True,False,0.0,10,0,0.0,0.0
051465,Winter,Indoor,Dawn,True,3.001,True,False,0.0,12,0,0.0,0.0
051475,Winter,Indoor,Dawn,True,2.969,True,False,0.0,8,0,0.0,0.0
051485,Winter,Indoor,Dawn,True,2.804,True,False,0.0,8,0,0.0,0.0
051495,Winter,Indoor,Dawn,True,2.719,True,True,0.2857142857142857,7,2,0.6157415509223938,0.17592615740639822
051505,Winter,Indoor,Dawn,True,0.991,True,False,0.0,6,0,0.0,0.0
051515,Winter,Indoor,Dawn,True,0.722,True,False,0.0,9,0,0.0,0.0
051525,Winter,Indoor,Dawn,True,0.741,True,False,0.0,13,0,0.0,0.0
051535,Winter,Indoor,Dawn,True,0.608,True,False,0.0,10,0,0.0,0.0
051545,Winter,Indoor,Dawn,True,2.407,True,False,0.0,7,0,0.0,0.0
051555,Winter,Indoor,Dawn,True,2.256,True,False,0.0,6,0,0.0,0.0
051565,Winter,Indoor,Dawn,True,2.24,True,False,0.0,4,0,0.0,0.0
051575,Winter,Indoor,Dawn,True,2.122,True,False,0.0,11,0,0.0,0.0
051585,Winter,Indoor,Dawn,True,2.074,True,False,0.0,10,0,0.0,0.0
051595,Winter,Indoor,Dawn,True,1.963,True,False,0.0,8,0,0.0,0.0
051605,Winter,Indoor,Dawn,True,1.963,True,False,0.0,12,0,0.0,0.0
051615,Winter,Indoor,Dawn,True,1.942,True,False,0.0,9,0,0.0,0.0
051625,Winter,Indoor,Dawn,True,1.831,True,False,0.0,10,0,0.0,0.0
051635,Winter,Indoor,Dawn,True,1.771,True,False,0.0,12,0,0.0,0.0
051645,Winter,Indoor,Dawn,True,1.758,True,False,0.0,10,0,0.0,0.0
051655,Winter,Indoor,Dawn,True,1.708,True,False,0.0,14,0,0.0,0.0
051665,Winter,Indoor,Dawn,True,1.643,True,False,0.0,11,0,0.0,0.0
051675,Winter,Indoor,Dawn,True,1.537,True,False,0.0,14,0,0.0,0.0
051685,Winter,Indoor,Dawn,True,1.522,True,False,0.0,10,0,0.0,0.0
051695,Winter,Indoor,Dawn,True,1.557,True,False,0.0,10,0,0.0,0.0
051705,Winter,Indoor,Dawn,True,1.408,True,False,0.0,8,0,0.0,0.0
051715,Winter,Indoor,Dawn,True,1.427,True,False,0.0,9,0,0.0,0.0
051725,Winter,Indoor,Dawn,True,1.368,True,False,0.0,9,0,0.0,0.0
051735,Winter,Indoor,Dawn,True,1.246,True,False,0.0,10,0,0.0,0.0
051745,Winter,Indoor,Dawn,True,1.161,True,True,0.07142857142857142,14,1,0.6157415509223938,0.043981539351599555
051755,Winter,Indoor,Dawn,True,1.121,True,False,0.0,8,0,0.0,0.0
051765,Winter,Indoor,Dawn,True,0.34,True,False,0.0,12,0,0.0,0.0
051775,Winter,Indoor,Dawn,True,1.355,True,True,0.23076923076923078,13,3,0.6157415509223938,0.14209420405901396
051785,Winter,Indoor,Dawn,True,1.692,True,False,0.0,10,0,0.0,0.0
051795,Winter,Indoor,Dawn,True,1.294,True,False,0.0,10,0,0.0,0.0
051805,Winter,Indoor,Dawn,True,1.809,True,False,0.0,13,0,0.0,0.0
051815,Winter,Indoor,Dawn,True,1.75,True,False,0.0,12,0,0.0,0.0
051825,Winter,Indoor,Dawn,True,1.775,True,False,0.0,13,0,0.0,0.0
051835,Winter,Indoor,Dawn,True,1.811,True,False,0.0,11,0,0.0,0.0
051845,Winter,Indoor,Dawn,True,1.761,True,True,0.07692307692307693,13,1,0.6157415509223938,0.047364734686337985
051855,Winter,Indoor,Dawn,True,2.291,True,True,0.08333333333333333,12,1,0.4104943573474884,0.0342078631122907
051865,Winter,Indoor,Dawn,True,2.556,True,False,0.0,6,0,0.0,0.0
051875,Winter,Indoor,Dawn,True,2.487,True,False,0.0,9,0,0.0,0.0
051885,Winter,Indoor,Dawn,True,1.937,True,False,0.0,11,0,0.0,0.0
051895,Winter,Indoor,Dawn,True,1.132,True,True,0.3333333333333333,15,5,0.8209887146949768,0.20524718165397643
051905,Winter,Indoor,Dawn,True,1.016,True,False,0.0,11,0,0.0,0.0
051915,Winter,Indoor,Dawn,True,0.836,True,True,0.16666666666666666,12,2,1.0262359380722044,0.17103932301203406
051925,Winter,Indoor,Dawn,True,0.661,True,False,0.0,12,0,0.0,0.0
051935,Winter,Indoor,Dawn,True,0.675,True,True,0.09090909090909091,11,1,0.2052471786737442,0.018658834424885837
051945,Winter,Indoor,Dawn,True,0.775,True,True,0.9090909090909091,11,10,0.4104943573474884,0.2052471786737442
051955,Winter,Indoor,Dawn,True,1.049,True,False,0.0,9,0,0.0,0.0
051965,Winter,Indoor,Dawn,True,1.107,True,True,0.1,10,1,0.2052471786737442,0.02052471786737442
051975,Winter,Indoor,Dawn,True,0.374,True,True,0.5294117647058824,17,9,1.0262359380722044,0.3259808202000225
051985,Winter,Indoor,Dawn,True,0.438,True,False,0.0,5,0,0.0,0.0
051995,Winter,Indoor,Dawn,False,,False,False,0.0,8,0,0.0,0.0
052005,Winter,Indoor,Dawn,True,0.283,True,True,0.2222222222222222,9,2,0.6157415509223938,0.11402621202998692
052015,Winter,Indoor,Dawn,True,0.304,True,False,0.0,6,0,0.0,0.0
052025,Winter,Indoor,Dawn,True,0.401,True,False,0.0,4,0,0.0,0.0
052035,Winter,Indoor,Dawn,True,0.385,True,True,0.8571428571428571,7,6,0.2052471786737442,0.1759261531489236
052045,Winter,Indoor,Dawn,True,0.235,True,False,0.0,9,0,0.0,0.0
052055,Winter,Indoor,Dawn,True,0.398,True,True,0.7,10,7,1.0262359380722044,0.3489202126860619
052065,Winter,Indoor,Dawn,True,0.405,True,False,0.0,5,0,0.0,0.0
052075,Winter,Indoor,Dawn,True,0.391,True,True,0.14285714285714285,7,1,0.2052471786737442,0.0293210255248206
052085,Winter,Indoor,Dawn,True,0.373,True,False,0.0,7,0,0.0,0.0
052095,Winter,Indoor,Dawn,True,0.313,True,True,0.5,2,1,0.2052471786737442,0.1026235893368721
052105,Winter,Indoor,Dawn,True,0.294,True,True,0.2,5,1,0.6157415509223938,0.12314831018447876
052115,Winter,Indoor,Dawn,True,0.329,True,False,0.0,4,0,0.0,0.0
052125,Winter,Indoor,Dawn,True,0.363,True,True,0.6666666666666666,6,4,0.6157415509223938,0.3078707704941432
052135,Winter,Indoor,Dawn,True,0.65,True,False,0.0,4,0,0.0,0.0
052145,Winter,Indoor,Dawn,True,0.599,True,True,0.2,5,1,0.8209887146949768,0.16419774293899536
052155,Winter,Overcast,Dawn,True,0.436,True,True,0.5384615384615384,13,7,0.8209887146949768,0.3157648914135419
052165,Winter,Overcast,Dawn,True,0.41,True,True,0.18181818181818182,11,2,1.0262359380722044,0.18658835237676444
052175,Winter,Overcast,Dawn,True,0.274,True,True,0.18181818181818182,11,2,0.6157415509223938,0.11195300925861705
052185,Winter,Overcast,Dawn,True,0.219,True,True,0.2,10,2,0.4104943573474884,0.08209887146949768
052195,Winter,Overcast,Dawn,True,0.654,True,True,0.8888888888888888,9,8,0.8209887146949768,0.3192733907037311
052205,Winter,Overcast,Dawn,True,1.157,True,False,0.0,9,0,0.0,0.0
052215,Winter,Overcast,Dawn,True,1.18,True,False,0.0,8,0,0.0,0.0
052225,Winter,Overcast,Dawn,True,1.155,True,False,0.0,10,0,0.0,0.0
052235,Winter,Overcast,Dawn,True,1.199,True,True,0.1,10,1,0.2052471786737442,0.02052471786737442
052245,Winter,Overcast,Dawn,True,1.181,True,False,0.0,12,0,0.0,0.0
052255,Winter,Overcast,Dawn,True,1.3,True,True,0.9,10,9,0.2052471786737442,0.18472246080636978
052265,Winter,Overcast,Dawn,True,1.75,True,True,0.6363636363636364,11,7,0.2052471786737442,0.13061184097420087
052275,Winter,Overcast,Dawn,True,2.238,True,True,0.8333333333333334,6,5,0.2052471786737442,0.1710393155614535
052285,Winter,Overcast,Dawn,True,2.256,True,True,0.8571428571428571,7,6,0.2052471786737442,0.1759261531489236
052295,Winter,Overcast,Dawn,True,2.296,True,False,0.0,5,0,0.0,0.0
052305,Winter,Overcast,Dawn,True,2.186,True,False,0.0,3,0,0.0,0.0
052315,Winter,Overcast,Dawn,True,2.141,True,True,0.5,8,4,0.2052471786737442,0.1026235893368721
052325,Winter,Overcast,Dawn,True,2.011,True,True,0.3333333333333333,6,2,0.2052471786737442,0.0684157262245814
052335,Winter,Overcast,Dawn,True,1.885,True,True,0.5,6,3,0.2052471786737442,0.1026235893368721
052345,Winter,Overcast,Dawn,True,1.635,True,True,0.3333333333333333,9,3,0.2052471786737442,0.0684157262245814
052355,Winter,Overcast,Dawn,True,1.134,True,True,0.6,5,3,0.2052471786737442,0.12314830720424652
052365,Winter,Overcast,Dawn,True,0.668,True,True,0.5454545454545454,11,6,0.2052471786737442,0.11195300654931502
052375,Winter,Overcast,Dawn,True,0.507,True,True,0.5555555555555556,9,5,0.2052471786737442,0.11402621037430233
052385,Winter,Overcast,Dawn,True,0.563,True,True,0.6153846153846154,13,8,0.2052471786737442,0.1263059561069195
052395,Winter,Overcast,Dawn,True,0.561,True,False,0.0,6,0,0.0,0.0
052405,Winter,Overcast,Dawn,True,0.607,True,True,0.3333333333333333,6,2,0.2052471786737442,0.0684157262245814
052415,Winter,Overcast,Dawn,True,0.825,True,True,0.5,6,3,0.2052471786737442,0.1026235893368721
052425,Winter,Overcast,Dawn,True,0.968,True,False,0.0,9,0,0.0,0.0
052435,Winter,Overcast,Dawn,True,1.018,True,False,0.0,10,0,0.0,0.0
052445,Winter,Overcast,Dawn,True,0.909,True,True,0.375,8,3,0.2052471786737442,0.07696769200265408
052455,Winter,Overcast,Dawn,True,0.772,True,True,0.625,8,5,0.2052471786737442,0.12827948667109013
052465,Winter,Overcast,Dawn,True,0.667,True,False,0.0,10,0,0.0,0.0
052475,Winter,Overcast,Dawn,True,0.667,True,True,0.14285714285714285,7,1,0.2052471786737442,0.0293210255248206
052485,Winter,Overcast,Dawn,True,0.825,True,False,0.0,9,0,0.0,0.0
052495,Winter,Overcast,Dawn,True,0.738,True,True,0.42857142857142855,7,3,0.2052471786737442,0.0879630765744618
052505,Winter,Overcast,Dawn,True,0.418,True,True,0.1,10,1,0.2052471786737442,0.02052471786737442
052515,Winter,Overcast,Dawn,True,0.388,True,False,0.0,9,0,0.0,0.0
052525,Winter,Overcast,Dawn,True,0.827,True,True,0.46153846153846156,13,6,0.8209887146949768,0.1736706907932575
052535,Winter,Overcast,Dawn,True,0.861,True,True,0.6875,16,11,1.0262359380722044,0.269386924803257
052545,Winter,Overcast,Dawn,True,0.571,True,True,0.6,15,9,0.6157415509223938,0.1778808891773224
052555,Winter,Overcast,Dawn,True,2.28,True,True,0.7,10,7,0.2052471786737442,0.14367302507162094
052565,Winter,Overcast,Dawn,True,1.307,True,True,0.6666666666666666,9,6,0.2052471786737442,0.1368314524491628
052575,Winter,Overcast,Dawn,False,,False,True,0.75,16,12,0.4104943573474884,0.21807512734085321
052585,Winter,Overcast,Dawn,True,0.737,True,True,0.8,15,12,0.4104943573474884,0.2189303239186605
052595,Winter,Overcast,Dawn,True,0.849,True,True,0.8461538461538461,13,11,0.6157415509223938,0.2526119133600822
052605,Winter,Overcast,Dawn,True,0.752,True,True,0.8,10,8,0.2052471786737442,0.16419774293899536
052615,Winter,Overcast,Dawn,True,1.173,True,True,0.6666666666666666,15,10,0.2052471786737442,0.1368314524491628
052625,Winter,Overcast,Dawn,True,0.772,True,True,0.3076923076923077,13,4,0.6157415509223938,0.0947294682264328
052635,Winter,Overcast,Dawn,True,0.855,True,True,0.14285714285714285,14,2,1.0262359380722044,0.10262359252997806
052645,Winter,Overcast,Dawn,True,0.674,True,True,0.9333333333333333,15,14,0.8209887146949768,0.2736629048983256
052655,Winter,Overcast,Dawn,True,0.532,True,True,0.8571428571428571,21,18,0.8209887146949768,0.3225312807730266
052665,Winter,Overcast,Dawn,False,,False,True,0.875,8,7,0.6157415509223938,0.30787076987326145
052675,Winter,Overcast,Dawn,True,0.688,True,True,0.7857142857142857,14,11,1.0262359380722044,0.32253128396613256
052685,Winter,Overcast,Dawn,True,0.691,True,True,0.7692307692307693,13,10,0.2052471786737442,0.15788244513364938
052695,Winter,Overcast,Dawn,True,2.259,True,True,0.7,10,7,0.4104943573474884,0.18472246080636978
052705,Winter,Overcast,Dawn,True,2.374,True,True,0.9,10,9,0.4104943573474884,0.2052471786737442
052715,Winter,Overcast,Dawn,True,2.89,True,True,0.75,8,6,0.2052471786737442,0.15393538400530815
052725,Winter,Overcast,Dawn,True,2.984,True,False,0.0,9,0,0.0,0.0
052735,Winter,Overcast,Dawn,True,2.986,True,False,0.0,7,0,0.0,0.0
052745,Winter,Overcast,Dawn,True,2.99,True,False,0.0,5,0,0.0,0.0
052755,Winter,Overcast,Dawn,False,,False,True,0.16666666666666666,6,1,0.8209887146949768,0.1368314524491628
052765,Winter,Overcast,Dawn,False,,False,False,0.0,7,0,0.0,0.0
052775,Winter,Overcast,Dawn,True,0.874,True,True,0.4666666666666667,15,7,0.2052471786737442,0.09578201671441396
052785,Winter,Overcast,Dawn,True,0.836,True,True,0.7692307692307693,13,10,0.8209887146949768,0.23682366770047408
052795,Winter,Overcast,Dawn,True,0.674,True,True,0.4666666666666667,15,7,0.4104943573474884,0.10946516195933025
052805,Winter,Overcast,Dawn,True,1.247,True,False,0.0,7,0,0.0,0.0
052815,Winter,Overcast,Dawn,False,,False,True,0.1,10,1,0.4104943573474884,0.04104943573474884
052825,Winter,Overcast,Dawn,False,,False,True,0.7142857142857143,14,10,0.2052471786737442,0.146605127624103
052835,Winter,Overcast,Dawn,False,,False,False,0.0,9,0,0.0,0.0
052845,Winter,Overcast,Dawn,False,,False,True,0.7857142857142857,14,11,0.2052471786737442,0.1612656403865133
052855,Winter,Overcast,Dawn,False,,False,True,0.6428571428571429,14,9,0.2052471786737442,0.1319446148616927
052865,Winter,Overcast,Dawn,False,,False,True,0.75,8,6,0.2052471786737442,0.15393538400530815
052875,Winter,Overcast,Dawn,True,8.0,True,True,0.7777777777777778,9,7,0.4104943573474884,0.22805242074860466
052885,Winter,Overcast,Dawn,True,7.5,True,True,0.7,20,14,0.4104943573474884,0.194984819740057
052895,Winter,Overcast,Dawn,True,7.0,True,True,0.875,16,14,0.4104943573474884,0.2950428193435073
052905,Winter,Overcast,Dawn,True,6.5,True,True,0.9047619047619048,21,19,1.0262359380722044,0.30298393397104173
052915,Winter,Overcast,Dawn,True,6.3,True,True,0.875,16,14,0.4104943573474884,0.23090307600796223
052925,Winter,Overcast,Dawn,True,5.25,True,True,0.6923076923076923,13,9,0.4104943573474884,0.2052471786737442
052935,Winter,Overcast,Dawn,True,4.539,True,True,0.8333333333333334,12,10,0.6157415509223938,0.3249747020502885
052945,Winter,Overcast,Dawn,True,4.203,True,True,0.9166666666666666,12,11,0.4104943573474884,0.29076683645447093
052955,Winter,Overcast,Dawn,True,3.574,True,True,0.9285714285714286,14,13,0.6157415509223938,0.32253128183739527
052965,Winter,Overcast,Dawn,True,3.014,True,True,0.9230769230769231,13,12,0.4104943573474884,0.252611912213839
052975,Winter,Overcast,Dawn,True,2.444,True,True,0.7692307692307693,13,10,0.6157415509223938,0.33155313707315004
052985,Winter,Overcast,Dawn,True,1.667,True,True,0.625,8,5,0.4104943573474884,0.15393538400530815
052995,Winter,Overcast,Dawn,True,0.777,True,True,0.875,16,14,0.6157415509223938,0.2822148725390434
053005,Winter,Overcast,Dawn,False,,False,True,0.6923076923076923,13,9,0.4104943573474884,0.2052471786737442
053015,Winter,Overcast,Dawn,False,,False,True,0.7647058823529411,17,13,0.6157415509223938,0.26561399680726666
053025,Winter,Overcast,Dawn,True,2.217,True,True,0.8,15,12,1.0262359380722044,0.30102920134862265
053035,Winter,Overcast,Dawn,True,3.984,True,True,0.09090909090909091,11,1,0.2052471786737442,0.018658834424885837
053045,Winter,Overcast,Dawn,True,4.628,True,True,0.7272727272727273,11,8,0.4104943573474884,0.26122368194840173
053055,Winter,Overcast,Dawn,True,5.013,True,True,0.8181818181818182,22,18,0.8209887146949768,0.4011649401350455
053065,Winter,Overcast,Dawn,True,4.7,True,True,0.9166666666666666,12,11,0.4104943573474884,0.3078707680106163
053075,Winter,Overcast,Dawn,True,4.5,True,True,0.7692307692307693,13,10,0.6157415509223938,0.3473413850252445
053085,Winter,Overcast,Dawn,True,4.365,True,True,0.8421052631578947,19,16,1.0262359380722044,0.3780869143573861
053095,Winter,Overcast,Dawn,True,3.462,True,True,0.75,20,15,1.0262359380722044,0.3694449283182621
053105,Winter,Overcast,Dawn,True,2.445,True,True,0.8,10,8,0.4104943573474884,0.2873460501432419
053115,Winter,Overcast,Dawn,True,1.569,True,True,0.6923076923076923,13,9,0.6157415509223938,0.3157648925597851
053125,Winter,Overcast,Dawn,False,,False,True,0.7333333333333333,15,11,0.4104943573474884,0.2599797596534093
053135,Winter,Overcast,Dawn,False,,False,True,0.75,16,12,0.4104943573474884,0.2822148706763983
